{"generation": 10, "fitness": 8.88443423724119, "solution": [192, 38, 155, 52, 152, 0, 58, 87, 196, 104], "reconstruced_curve": [36, 107, 61, 41, 17, 4, 56, 75, 22, 4, 119, 36, 85, 2, 112, 50, 68, 12, 117, 118, 78, 57, 36, 42, 14, 50, 5, 32, 71, 52, 28, 43, 96, 106, 1, 23, 24, 10, 0, 58, 3, 27, 104, 92, 104, 37, 56, 42, 64, 5, 56, 103, 88, 38, 113, 10, 95, 103, 111, 119, 100, 88, 70, 34, 2, 71, 74, 53, 22, 96, 115, 0, 7, 6, 77, 33, 42, 103, 60, 32, 58, 24, 110, 42, 20, 78, 1, 24, 11, 19, 23, 84, 86, 77, 74, 33, 11, 91, 10, 111, 0, 6, 12, 41, 98, 69, 11, 23, 79, 19, 50, 74, 109, 10, 83, 3, 19, 64, 48, 70, 76, 116, 110, 111, 110, 50, 42, 51, 112, 88, 29, 43, 53, 74, 100, 119, 0, 106, 38, 95, 111, 102, 44, 40, 58, 91, 88, 74, 83, 112, 39, 93, 64, 35, 102, 34, 49, 53, 44, 29, 5], "ref_curve": [25.2428, 27.564, 28.207600000000003, 25.6184, 28.101, 31.5434, 37.0402, 39.1222, 41.0766, 38.356399999999994, 41.6892, 48.9384, 47.8916, 40.3374, 45.9002, 50.794799999999995, 59.922000000000004, 51.602, 57.334799999999994, 73.6608, 93.8466, 100.709, 102.578, 107.174, 110.478, 116.43599999999999, 118.208, 117.256, 119.47999999999999, 120.16199999999999, 120.624, 119.508, 114.542, 126.104, 135.08800000000002, 132.236, 138.422, 144.726, 146.71800000000002, 154.004, 162.644, 160.95, 166.416, 168.996, 171.798, 171.04000000000002, 166.642, 164.656, 160.578, 159.238, 156.56199999999998, 153.93800000000002, 148.788, 140.53400000000002, 127.454, 125.26199999999999, 122.16199999999999, 117.75, 113.752, 110.826, 108.974, 107.578, 106.992, 106.16399999999999, 105.896, 105.878, 106.22999999999999, 106.55, 106.828, 107.542, 108.31800000000001, 109.186, 110.13, 111.154, 112.426, 113.9, 115.148, 116.18800000000002, 117.402, 118.65, 119.59200000000001, 120.58599999999998, 121.75399999999999, 122.976, 124.5, 125.804, 126.75399999999999, 127.56800000000001, 127.80799999999999, 129.4, 129.792, 130.292, 132.24200000000002, 133.536, 133.082, 128.656, 129.842, 130.954, 131.79000000000002, 132.66199999999998, 133.054, 135.176, 136.6, 136.07800000000003, 136.248, 136.112, 135.198, 137.04000000000002, 137.166, 134.86200000000002, 133.47, 131.428, 130.88400000000001, 131.588, 132.232, 133.004, 130.96800000000002, 130.93, 128.374, 126.19200000000001, 127.886, 129.204, 120.37, 128.16199999999998, 133.232, 133.904, 134.858, 135.574, 135.152, 135.166, 134.868, 133.848, 132.394, 130.27, 118.178, 107.91199999999999, 113.878, 114.38600000000001, 116.80999999999999, 116.77000000000001, 113.52799999999999, 115.22999999999999, 116.83399999999999, 118.434, 118.66199999999999, 117.55799999999999, 107.7414, 89.17, 96.3062, 96.13879999999999, 93.5296, 93.6138, 96.662, 103.622, 104.804, 104.38, 104.85, 106.452, 106.44800000000001, 105.248, 104.17], "nm": [351.0, 353.5, 356.0, 358.5, 361.0, 363.5, 366.0, 368.5, 371.0, 373.5, 376.0, 378.5, 381.0, 383.5, 386.0, 388.5, 391.0, 393.5, 396.0, 398.5, 401.0, 403.5, 406.0, 408.5, 411.0, 413.5, 416.0, 418.5, 421.0, 423.5, 426.0, 428.5, 431.0, 433.5, 436.0, 438.5, 441.0, 443.5, 446.0, 448.5, 451.0, 453.5, 456.0, 458.5, 461.0, 463.5, 466.0, 468.5, 471.0, 473.5, 476.0, 478.5, 481.0, 483.5, 486.0, 488.5, 491.0, 493.5, 496.0, 498.5, 501.0, 503.5, 506.0, 508.5, 511.0, 513.5, 516.0, 518.5, 521.0, 523.5, 526.0, 528.5, 531.0, 533.5, 536.0, 538.5, 541.0, 543.5, 546.0, 548.5, 551.0, 553.5, 556.0, 558.5, 561.0, 563.5, 566.0, 568.5, 571.0, 573.5, 576.0, 578.5, 581.0, 583.5, 586.0, 588.5, 591.0, 593.5, 596.0, 598.5, 601.0, 603.5, 606.0, 608.5, 611.0, 613.5, 616.0, 618.5, 621.0, 623.5, 626.0, 628.5, 631.0, 633.5, 636.0, 638.5, 641.0, 643.5, 646.0, 648.5, 651.0, 653.5, 656.0, 658.5, 661.0, 663.5, 666.0, 668.5, 671.0, 673.5, 676.0, 678.5, 681.0, 683.5, 686.0, 688.5, 691.0, 693.5, 696.0, 698.5, 701.0, 703.5, 706.0, 708.5, 711.0, 713.5, 716.0, 718.5, 721.0, 723.5, 726.0, 728.5, 731.0, 733.5, 736.0, 738.5, 741.0, 743.5, 746.0, 748.5, 750.0]}