{"generation": 10, "fitness": 9.834873428086683, "solution": [16, 88, 63, 18, 49, 1, 20, 0, 65, 75], "reconstruced_curve": [109, 41, 50, 111, 82, 89, 81, 115, 14, 94, 67, 34, 105, 42, 85, 11, 2, 63, 77, 30, 35, 88, 15, 47, 18, 115, 35, 16, 96, 8, 68, 65, 63, 28, 112, 68, 47, 1, 19, 55, 30, 44, 19, 90, 25, 78, 21, 15, 119, 109, 88, 64, 98, 89, 119, 60, 10, 85, 34, 1, 18, 44, 91, 60, 88, 64, 8, 34, 98, 49, 26, 40, 34, 84, 51, 0, 63, 76, 25, 103, 44, 34, 14, 95, 114, 1, 85, 108, 9, 52, 94, 25, 16, 55, 66, 33, 50, 67, 18, 96, 106, 2, 55, 105, 17, 112, 108, 2, 61, 9, 103, 37, 6, 6, 35, 52, 112, 24, 92, 17, 100, 83, 17, 14, 54, 44, 102, 99, 82, 54, 102, 86, 42, 66, 50, 115, 18, 49, 70, 51, 101, 59, 93, 13, 98, 99, 95, 107, 23, 48, 69, 52, 34, 45, 29, 39, 48, 118, 98, 54, 24], "ref_curve": [1.38666, 1.58536, 1.6862400000000002, 1.42284, 1.50176, 1.64102, 1.79692, 1.8267, 1.8189, 1.6793399999999998, 1.86752, 2.11016, 2.09178, 1.67284, 1.7997, 1.92198, 2.27184, 1.9142800000000002, 2.2298400000000003, 2.61384, 3.17284, 3.46258, 3.56094, 3.6672200000000004, 3.65172, 3.87446, 3.84396, 3.61284, 3.57874, 3.6516599999999997, 3.4599199999999994, 3.4084600000000003, 3.3199799999999997, 3.5797600000000003, 3.7380400000000003, 3.5992599999999997, 3.70936, 3.90308, 3.91638, 4.14246, 4.22348, 4.14006, 4.16034, 4.1424199999999995, 4.21126, 4.15512, 4.00152, 3.8562, 3.7970600000000005, 3.74928, 3.55966, 3.53694, 3.4633200000000004, 3.3087600000000004, 2.96434, 3.06708, 3.0163, 2.9955, 2.91282, 2.82488, 2.73348, 2.6549, 2.7592, 2.73288, 2.7112, 2.71012, 2.58366, 2.56598, 2.7183, 2.7584, 2.7534199999999998, 2.7913, 2.81124, 2.78888, 2.84106, 2.82604, 2.74884, 2.7019399999999996, 2.70942, 2.73626, 2.78644, 2.72214, 2.71316, 2.6346600000000002, 2.70838, 2.6926, 2.70636, 2.66674, 2.6383199999999998, 2.60232, 2.52434, 2.5302599999999997, 2.52122, 2.627, 2.5745, 2.36154, 2.3784599999999996, 2.3790400000000003, 2.3908, 2.393, 2.4250800000000003, 2.49876, 2.47802, 2.43272, 2.40382, 2.3506, 2.2638, 2.26092, 2.31604, 2.3616, 2.2508600000000003, 2.20356, 2.1887, 2.1706, 2.24872, 2.22054, 2.1955199999999997, 2.16242, 2.08964, 2.02962, 2.0688199999999997, 2.1473, 1.94924, 2.0332999999999997, 2.16228, 2.1621, 2.2563, 2.196, 2.17916, 2.15976, 2.12252, 2.08916, 2.14532, 2.1649000000000003, 1.9103400000000001, 1.76464, 1.87824, 2.01948, 1.9244599999999998, 1.92576, 1.82792, 1.9137799999999998, 2.01022, 2.08154, 2.20462, 2.26432, 2.19218, 1.7480799999999999, 1.99914, 2.0312799999999998, 2.09954, 2.03604, 2.0939799999999997, 2.36974, 2.39662, 2.47494, 2.3987000000000003, 2.4612000000000003, 2.55606, 2.46812, 2.5638], "nm": [351.0, 353.5, 356.0, 358.5, 361.0, 363.5, 366.0, 368.5, 371.0, 373.5, 376.0, 378.5, 381.0, 383.5, 386.0, 388.5, 391.0, 393.5, 396.0, 398.5, 401.0, 403.5, 406.0, 408.5, 411.0, 413.5, 416.0, 418.5, 421.0, 423.5, 426.0, 428.5, 431.0, 433.5, 436.0, 438.5, 441.0, 443.5, 446.0, 448.5, 451.0, 453.5, 456.0, 458.5, 461.0, 463.5, 466.0, 468.5, 471.0, 473.5, 476.0, 478.5, 481.0, 483.5, 486.0, 488.5, 491.0, 493.5, 496.0, 498.5, 501.0, 503.5, 506.0, 508.5, 511.0, 513.5, 516.0, 518.5, 521.0, 523.5, 526.0, 528.5, 531.0, 533.5, 536.0, 538.5, 541.0, 543.5, 546.0, 548.5, 551.0, 553.5, 556.0, 558.5, 561.0, 563.5, 566.0, 568.5, 571.0, 573.5, 576.0, 578.5, 581.0, 583.5, 586.0, 588.5, 591.0, 593.5, 596.0, 598.5, 601.0, 603.5, 606.0, 608.5, 611.0, 613.5, 616.0, 618.5, 621.0, 623.5, 626.0, 628.5, 631.0, 633.5, 636.0, 638.5, 641.0, 643.5, 646.0, 648.5, 651.0, 653.5, 656.0, 658.5, 661.0, 663.5, 666.0, 668.5, 671.0, 673.5, 676.0, 678.5, 681.0, 683.5, 686.0, 688.5, 691.0, 693.5, 696.0, 698.5, 701.0, 703.5, 706.0, 708.5, 711.0, 713.5, 716.0, 718.5, 721.0, 723.5, 726.0, 728.5, 731.0, 733.5, 736.0, 738.5, 741.0, 743.5, 746.0, 748.5, 750.0]}